PSO Geo,PSO Region,PSO Subregion,Engagement Id,Engagement Name,Field Project Manager,Project Profile,Budget Status (PMO),Project Status (PMO),Customer Satisfaction (PMO),Schedule Status (PMO),Comments,Mitigation Action,Engagement Manager,Practice Manager,Budget Status UpdateOn,Budget Status Update By,Customer Satisfaction UpdateOn,Customer Satisfaction Update By,ScheduleStatus UpdateOn,Schedule Status Update By,Project Status UpdateOn,Project Status Update By
AP,ANZ,Australia,ALIE2139,SRM Services,Ron Kohli,PR02,Red,Green,Amber,Green,,,Virat Weasley,Joe Root,2021-09-27,Ron Kohli,2021-09-27,Ron Kohli,2021-09-27,Ron Kohli,2021-09-27,Ron Kohli
AP,ANZ,Australia,SOLA3779,SRM Deploy,Steve Weasley,,Green,Green,Amber,Amber,,,Babar Smith,Ron Weasley,2021-09-27,Steve Weasley,2021-09-27,Steve Weasley,2021-09-27,Steve Weasley,2021-09-27,Steve Weasley
AP,ANZ,Australia,MERC1090,NSX Deploy,Steve Weasley,,Red,Amber,Green,Amber,,,Ron Weasley,Hermione Kohli,2021-09-27,Steve Weasley,2021-09-27,Steve Weasley,2021-09-27,Steve Weasley,2021-09-27,Steve Weasley
AP,ANZ,Australia,ALIE1602,WorkspaceONE Residency,Harry Granger,,Red,Green,Amber,Amber,,,Harry Weasley,Babar Potter,2021-09-27,Harry Granger,2021-09-27,Harry Granger,2021-09-27,Harry Granger,2021-09-27,Harry Granger
AP,ANZ,Australia,ALIE7551,Horizon Services,Virat Azam,,Amber,Amber,Green,Green,,,Steve Root,Babar Weasley,2021-09-27,Virat Azam,2021-09-27,Virat Azam,2021-09-27,Virat Azam,2021-09-27,Virat Azam
AP,ANZ,Australia,SOLA7239,VCF Residency,Joe Weasley,PR01,Red,Red,Red,Amber,,,Hermione Smith,Virat Potter,2021-09-27,Joe Weasley,2021-09-27,Joe Weasley,2021-09-27,Joe Weasley,2021-09-27,Joe Weasley
AP,ANZ,Australia,SOLA6540,WorkspaceONE Deploy,Babar Granger,,Amber,Red,Green,Amber,,,Steve Root,Joe Azam,2021-09-27,Babar Granger,2021-09-27,Babar Granger,2021-09-27,Babar Granger,2021-09-27,Babar Granger
AP,ANZ,Australia,URAN8663,vRA Deploy,Steve Weasley,,Red,Amber,Green,Green,,,Virat Smith,Babar Root,2021-09-27,Steve Weasley,2021-09-27,Steve Weasley,2021-09-27,Steve Weasley,2021-09-27,Steve Weasley
AP,ANZ,Australia,URAN6306,WorkspaceONE Services,Babar Smith,PR01,Green,Amber,Green,Red,,,Babar Potter,Steve Smith,2021-09-27,Babar Smith,2021-09-27,Babar Smith,2021-09-27,Babar Smith,2021-09-27,Babar Smith
AP,ANZ,Australia,PLUT3583,vRO/vROPs Residency,Ron Azam,,Amber,Amber,Red,Red,,,Steve Potter,Harry Potter,2021-09-27,Ron Azam,2021-09-27,Ron Azam,2021-09-27,Ron Azam,2021-09-27,Ron Azam
AP,ANZ,Australia,MART8343,SRM Design and Deploy,Hermione Smith,,Amber,Green,Amber,Amber,,,Babar Azam,Hermione Potter,2021-09-27,Hermione Smith,2021-09-27,Hermione Smith,2021-09-27,Hermione Smith,2021-09-27,Hermione Smith
AP,ANZ,Australia,MART4973,NSX Services,Harry Weasley,,Green,Red,Green,Green,,,Harry Root,Joe Root,2021-09-27,Harry Weasley,2021-09-27,Harry Weasley,2021-09-27,Harry Weasley,2021-09-27,Harry Weasley
AP,ANZ,Australia,MART3509,vRA Residency,Harry Smith,,Red,Red,Amber,Amber,,,Joe Granger,Harry Azam,2021-09-27,Harry Smith,2021-09-27,Harry Smith,2021-09-27,Harry Smith,2021-09-27,Harry Smith
AP,ANZ,Australia,MART3838,SRM Services,Ron Root,PR02,Green,Red,Green,Red,,,Virat Smith,Virat Azam,2021-09-27,Ron Root,2021-09-27,Ron Root,2021-09-27,Ron Root,2021-09-27,Ron Root
AP,ANZ,Australia,ALIE5304,SRM Design and Deploy,Joe Azam,PR01,Amber,Green,Amber,Green,,,Joe Kohli,Virat Root,2021-09-27,Joe Azam,2021-09-27,Joe Azam,2021-09-27,Joe Azam,2021-09-27,Joe Azam
AP,ANZ,Australia,MART7369,SRM Services,Virat Smith,PR02,Amber,Amber,Green,Red,,,Hermione Granger,Joe Weasley,2021-09-27,Virat Smith,2021-09-27,Virat Smith,2021-09-27,Virat Smith,2021-09-27,Virat Smith
AP,ANZ,Australia,SOLA3513,VCF Design and Deploy,Ron Smith,PR01,Amber,Amber,Amber,Green,,,Hermione Potter,Babar Smith,2021-09-27,Ron Smith,2021-09-27,Ron Smith,2021-09-27,Ron Smith,2021-09-27,Ron Smith
AP,ANZ,Australia,PLUT2244,WorkspaceONE Design and Deploy,Babar Root,PR01,Red,Green,Green,Red,,,Hermione Smith,Ron Root,2021-09-27,Babar Root,2021-09-27,Babar Root,2021-09-27,Babar Root,2021-09-27,Babar Root
AP,ANZ,Australia,ALIE7923,NSX Services,Harry Root,PR01,Green,Amber,Red,Amber,,,Steve Azam,Joe Weasley,2021-09-27,Harry Root,2021-09-27,Harry Root,2021-09-27,Harry Root,2021-09-27,Harry Root
AP,ANZ,Australia,MART2610,Horizon Services,Harry Root,,Red,Red,Amber,Amber,,,Ron Smith,Harry Azam,2021-09-27,Harry Root,2021-09-27,Harry Root,2021-09-27,Harry Root,2021-09-27,Harry Root
AP,ANZ,Australia,MERC1397,vRA Design and Deploy,Ron Weasley,PR02,Red,Red,Green,Green,,,Harry Granger,Steve Weasley,2021-09-27,Ron Weasley,2021-09-27,Ron Weasley,2021-09-27,Ron Weasley,2021-09-27,Ron Weasley
AP,ANZ,Australia,PLUT7061,VCF Residency,Harry Weasley,PR02,Amber,Red,Amber,Amber,,,Hermione Granger,Joe Azam,2021-09-27,Harry Weasley,2021-09-27,Harry Weasley,2021-09-27,Harry Weasley,2021-09-27,Harry Weasley
AP,ANZ,Australia,MART3505,VCF Deploy,Ron Potter,,Amber,Green,Red,Amber,,,Harry Azam,Joe Azam,2021-09-27,Ron Potter,2021-09-27,Ron Potter,2021-09-27,Ron Potter,2021-09-27,Ron Potter
AP,ANZ,Australia,PLUT5759,Horizon Deploy,Ron Granger,PR01,Green,Green,Green,Green,,,Ron Azam,Virat Smith,2021-09-27,Ron Granger,2021-09-27,Ron Granger,2021-09-27,Ron Granger,2021-09-27,Ron Granger
AP,ANZ,Australia,MART2885,vRO/vROPs Design and Deploy,Steve Potter,PR01,Amber,Amber,Amber,Red,,,Ron Weasley,Joe Granger,2021-09-27,Steve Potter,2021-09-27,Steve Potter,2021-09-27,Steve Potter,2021-09-27,Steve Potter
AP,ANZ,Australia,MART5724,WorkspaceONE Services,Ron Azam,,Green,Green,Green,Green,,,Virat Granger,Ron Granger,2021-09-27,Ron Azam,2021-09-27,Ron Azam,2021-09-27,Ron Azam,2021-09-27,Ron Azam
AP,ANZ,Australia,MART5612,VCF Deploy,Hermione Granger,PR02,Red,Amber,Amber,Green,,,Hermione Root,Babar Kohli,2021-09-27,Hermione Granger,2021-09-27,Hermione Granger,2021-09-27,Hermione Granger,2021-09-27,Hermione Granger
AP,ANZ,Australia,MART2093,WorkspaceONE Services,Ron Weasley,PR01,Amber,Red,Red,Amber,,,Ron Weasley,Joe Azam,2021-09-27,Ron Weasley,2021-09-27,Ron Weasley,2021-09-27,Ron Weasley,2021-09-27,Ron Weasley
AP,ANZ,Australia,MART6885,vRA Deploy,Virat Granger,,Green,Green,Green,Amber,,,Harry Azam,Joe Azam,2021-09-27,Virat Granger,2021-09-27,Virat Granger,2021-09-27,Virat Granger,2021-09-27,Virat Granger
AP,ANZ,Australia,URAN4841,NSX Residency,Hermione Smith,,Red,Amber,Green,Green,,,Babar Azam,Ron Azam,2021-09-27,Hermione Smith,2021-09-27,Hermione Smith,2021-09-27,Hermione Smith,2021-09-27,Hermione Smith
AP,ANZ,Australia,ALIE4553,vRO/vROPs Deploy,Babar Kohli,PR02,Green,Green,Green,Green,,,Joe Root,Virat Kohli,2021-09-27,Babar Kohli,2021-09-27,Babar Kohli,2021-09-27,Babar Kohli,2021-09-27,Babar Kohli
AP,ANZ,Australia,MART7307,vRO/vROPs Services,Steve Azam,,Green,Green,Red,Amber,,,Harry Weasley,Harry Weasley,2021-09-27,Steve Azam,2021-09-27,Steve Azam,2021-09-27,Steve Azam,2021-09-27,Steve Azam
AP,ANZ,Australia,SOLA5426,Horizon Deploy,Steve Root,,Green,Green,Green,Red,,,Ron Potter,Steve Azam,2021-09-27,Steve Root,2021-09-27,Steve Root,2021-09-27,Steve Root,2021-09-27,Steve Root
AP,ANZ,Australia,PLUT4880,Horizon Design and Deploy,Ron Weasley,PR02,Amber,Green,Amber,Green,,,Virat Azam,Hermione Granger,2021-09-27,Ron Weasley,2021-09-27,Ron Weasley,2021-09-27,Ron Weasley,2021-09-27,Ron Weasley
AP,ANZ,Australia,MERC8836,VCF Deploy,Babar Granger,,Red,Green,Red,Red,,,Steve Azam,Steve Weasley,2021-09-27,Babar Granger,2021-09-27,Babar Granger,2021-09-27,Babar Granger,2021-09-27,Babar Granger
AP,ANZ,Australia,ALIE6735,WorkspaceONE Residency,Harry Granger,PR02,Amber,Green,Red,Red,,,Hermione Azam,Babar Potter,2021-09-27,Harry Granger,2021-09-27,Harry Granger,2021-09-27,Harry Granger,2021-09-27,Harry Granger
AP,ANZ,Australia,PLUT5882,Horizon Design and Deploy,Babar Root,PR01,Green,Amber,Green,Green,,,Joe Azam,Virat Potter,2021-09-27,Babar Root,2021-09-27,Babar Root,2021-09-27,Babar Root,2021-09-27,Babar Root
AP,ANZ,Australia,URAN8964,vRA Residency,Steve Potter,PR02,Red,Red,Red,Red,,,Harry Granger,Virat Weasley,2021-09-27,Steve Potter,2021-09-27,Steve Potter,2021-09-27,Steve Potter,2021-09-27,Steve Potter
AP,ANZ,Australia,SOLA7121,SRM Residency,Babar Weasley,,Green,Green,Red,Amber,,,Steve Weasley,Harry Potter,2021-09-27,Babar Weasley,2021-09-27,Babar Weasley,2021-09-27,Babar Weasley,2021-09-27,Babar Weasley
AP,ANZ,Australia,MART7001,WorkspaceONE Services,Joe Root,PR01,Amber,Green,Red,Red,,,Virat Smith,Virat Granger,2021-09-27,Joe Root,2021-09-27,Joe Root,2021-09-27,Joe Root,2021-09-27,Joe Root
AP,ANZ,Australia,ALIE5368,WorkspaceONE Services,Virat Smith,PR02,Green,Green,Green,Amber,,,Hermione Root,Harry Azam,2021-09-27,Virat Smith,2021-09-27,Virat Smith,2021-09-27,Virat Smith,2021-09-27,Virat Smith
AP,ANZ,Australia,PLUT4135,Horizon Deploy,Babar Granger,,Green,Green,Green,Green,,,Steve Granger,Virat Azam,2021-09-27,Babar Granger,2021-09-27,Babar Granger,2021-09-27,Babar Granger,2021-09-27,Babar Granger
AP,ANZ,Australia,MERC4466,Horizon Deploy,Steve Root,PR01,Amber,Amber,Amber,Red,,,Hermione Granger,Ron Azam,2021-09-27,Steve Root,2021-09-27,Steve Root,2021-09-27,Steve Root,2021-09-27,Steve Root
AP,ANZ,Australia,MART7739,Horizon Residency,Ron Granger,,Red,Green,Red,Red,,,Steve Granger,Joe Weasley,2021-09-27,Ron Granger,2021-09-27,Ron Granger,2021-09-27,Ron Granger,2021-09-27,Ron Granger
AP,ANZ,Australia,URAN6469,Horizon Residency,Joe Weasley,PR01,Green,Green,Green,Green,,,Hermione Kohli,Virat Kohli,2021-09-27,Joe Weasley,2021-09-27,Joe Weasley,2021-09-27,Joe Weasley,2021-09-27,Joe Weasley
AP,ANZ,Australia,MERC9022,VCF Design and Deploy,Babar Smith,PR01,Amber,Red,Red,Amber,,,Harry Smith,Joe Granger,2021-09-27,Babar Smith,2021-09-27,Babar Smith,2021-09-27,Babar Smith,2021-09-27,Babar Smith
AP,ANZ,Australia,ALIE3571,SRM Design and Deploy,Harry Root,,Amber,Amber,Red,Amber,,,Hermione Root,Harry Potter,2021-09-27,Harry Root,2021-09-27,Harry Root,2021-09-27,Harry Root,2021-09-27,Harry Root
AP,ANZ,Australia,ALIE6499,VCF Deploy,Steve Granger,PR02,Red,Amber,Red,Amber,,,Babar Root,Ron Weasley,2021-09-27,Steve Granger,2021-09-27,Steve Granger,2021-09-27,Steve Granger,2021-09-27,Steve Granger
AP,ANZ,Australia,MERC2539,WorkspaceONE Services,Joe Azam,,Green,Amber,Green,Amber,,,Joe Weasley,Harry Smith,2021-09-27,Joe Azam,2021-09-27,Joe Azam,2021-09-27,Joe Azam,2021-09-27,Joe Azam
AP,ANZ,Australia,SOLA5226,Carbon Black Deploy,Harry Azam,PR01,Green,Red,Amber,Red,,,Hermione Kohli,Steve Kohli,2021-09-27,Harry Azam,2021-09-27,Harry Azam,2021-09-27,Harry Azam,2021-09-27,Harry Azam
AP,ANZ,Australia,MART5316,WorkspaceONE Deploy,Harry Smith,PR02,Green,Green,Amber,Green,,,Babar Smith,Harry Root,2021-09-27,Harry Smith,2021-09-27,Harry Smith,2021-09-27,Harry Smith,2021-09-27,Harry Smith
AP,ANZ,Australia,SOLA6227,Horizon Services,Joe Granger,PR02,Green,Green,Red,Green,,,Virat Root,Babar Granger,2021-09-27,Joe Granger,2021-09-27,Joe Granger,2021-09-27,Joe Granger,2021-09-27,Joe Granger
AP,ANZ,Australia,MART1750,vRO/vROPs Design and Deploy,Joe Smith,PR01,Red,Green,Green,Amber,,,Babar Kohli,Hermione Azam,2021-09-27,Joe Smith,2021-09-27,Joe Smith,2021-09-27,Joe Smith,2021-09-27,Joe Smith
AP,ANZ,Australia,MART7605,Horizon Residency,Joe Azam,PR02,Red,Green,Red,Red,,,Joe Granger,Joe Smith,2021-09-27,Joe Azam,2021-09-27,Joe Azam,2021-09-27,Joe Azam,2021-09-27,Joe Azam
AP,ANZ,Australia,MART3123,vRO/vROPs Design and Deploy,Babar Potter,,Green,Red,Red,Red,,,Steve Kohli,Harry Azam,2021-09-27,Babar Potter,2021-09-27,Babar Potter,2021-09-27,Babar Potter,2021-09-27,Babar Potter
AP,ANZ,Australia,ALIE1399,WorkspaceONE Residency,Ron Weasley,PR01,Red,Amber,Green,Red,,,Ron Weasley,Babar Potter,2021-09-27,Ron Weasley,2021-09-27,Ron Weasley,2021-09-27,Ron Weasley,2021-09-27,Ron Weasley
AP,ANZ,Australia,SOLA7988,vRA Residency,Harry Kohli,PR02,Green,Amber,Amber,Amber,,,Harry Weasley,Steve Smith,2021-09-27,Harry Kohli,2021-09-27,Harry Kohli,2021-09-27,Harry Kohli,2021-09-27,Harry Kohli
AP,ANZ,Australia,PLUT8944,NSX Residency,Steve Kohli,PR02,Green,Amber,Red,Red,,,Virat Root,Joe Granger,2021-09-27,Steve Kohli,2021-09-27,Steve Kohli,2021-09-27,Steve Kohli,2021-09-27,Steve Kohli
AP,ANZ,Australia,ALIE6886,VCF Deploy,Virat Root,,Green,Red,Green,Amber,,,Harry Granger,Ron Azam,2021-09-27,Virat Root,2021-09-27,Virat Root,2021-09-27,Virat Root,2021-09-27,Virat Root
AP,ANZ,Australia,MART4314,vRO/vROPs Design and Deploy,Joe Weasley,,Amber,Red,Green,Amber,,,Hermione Azam,Hermione Weasley,2021-09-27,Joe Weasley,2021-09-27,Joe Weasley,2021-09-27,Joe Weasley,2021-09-27,Joe Weasley
AP,ANZ,Australia,MART1299,NSX Design and Deploy,Hermione Root,,Red,Green,Amber,Amber,,,Babar Granger,Joe Root,2021-09-27,Hermione Root,2021-09-27,Hermione Root,2021-09-27,Hermione Root,2021-09-27,Hermione Root
AP,ANZ,Australia,PLUT5435,WorkspaceONE Design and Deploy,Harry Potter,PR02,Amber,Amber,Amber,Green,,,Joe Weasley,Ron Azam,2021-09-27,Harry Potter,2021-09-27,Harry Potter,2021-09-27,Harry Potter,2021-09-27,Harry Potter
AP,ANZ,Australia,MERC2900,WorkspaceONE Residency,Joe Kohli,PR02,Amber,Green,Red,Red,,,Virat Root,Joe Potter,2021-09-27,Joe Kohli,2021-09-27,Joe Kohli,2021-09-27,Joe Kohli,2021-09-27,Joe Kohli
AP,ANZ,Australia,MART9184,VCF Deploy,Virat Azam,,Amber,Red,Green,Green,,,Harry Kohli,Virat Granger,2021-09-27,Virat Azam,2021-09-27,Virat Azam,2021-09-27,Virat Azam,2021-09-27,Virat Azam
AP,ANZ,Australia,PLUT8099,vRO/vROPs Residency,Babar Smith,PR01,Amber,Green,Amber,Green,,,Harry Azam,Joe Granger,2021-09-27,Babar Smith,2021-09-27,Babar Smith,2021-09-27,Babar Smith,2021-09-27,Babar Smith
AP,ANZ,Australia,MERC3417,vRA Services,Joe Azam,,Amber,Red,Green,Red,,,Virat Root,Ron Smith,2021-09-27,Joe Azam,2021-09-27,Joe Azam,2021-09-27,Joe Azam,2021-09-27,Joe Azam
AP,ANZ,Australia,URAN2552,vRO/vROPs Deploy,Harry Root,PR02,Red,Green,Red,Red,,,Hermione Potter,Hermione Azam,2021-09-27,Harry Root,2021-09-27,Harry Root,2021-09-27,Harry Root,2021-09-27,Harry Root
AP,ANZ,Australia,ALIE1570,VCF Residency,Virat Smith,PR02,Red,Red,Red,Amber,,,Joe Smith,Steve Weasley,2021-09-27,Virat Smith,2021-09-27,Virat Smith,2021-09-27,Virat Smith,2021-09-27,Virat Smith
AP,ANZ,Australia,MART4957,VCF Residency,Steve Potter,,Amber,Red,Green,Green,,,Virat Weasley,Harry Kohli,2021-09-27,Steve Potter,2021-09-27,Steve Potter,2021-09-27,Steve Potter,2021-09-27,Steve Potter
AP,ANZ,Australia,MERC5246,WorkspaceONE Residency,Babar Smith,PR01,Red,Green,Green,Amber,,,Virat Kohli,Virat Potter,2021-09-27,Babar Smith,2021-09-27,Babar Smith,2021-09-27,Babar Smith,2021-09-27,Babar Smith
AP,ANZ,Australia,URAN5330,SRM Deploy,Virat Azam,,Amber,Red,Green,Amber,,,Steve Kohli,Babar Granger,2021-09-27,Virat Azam,2021-09-27,Virat Azam,2021-09-27,Virat Azam,2021-09-27,Virat Azam
AP,ANZ,Australia,SOLA8000,WorkspaceONE Residency,Babar Weasley,,Amber,Green,Red,Green,,,Virat Potter,Joe Weasley,2021-09-27,Babar Weasley,2021-09-27,Babar Weasley,2021-09-27,Babar Weasley,2021-09-27,Babar Weasley
AP,ANZ,Australia,MERC3841,vRA Deploy,Harry Azam,PR01,Red,Amber,Red,Amber,,,Harry Weasley,Ron Smith,2021-09-27,Harry Azam,2021-09-27,Harry Azam,2021-09-27,Harry Azam,2021-09-27,Harry Azam
AP,ANZ,Australia,MART7658,vRA Design and Deploy,Harry Kohli,PR01,Red,Green,Green,Green,,,Ron Azam,Steve Azam,2021-09-27,Harry Kohli,2021-09-27,Harry Kohli,2021-09-27,Harry Kohli,2021-09-27,Harry Kohli
AP,ANZ,Australia,MERC8771,vRO/vROPs Deploy,Babar Weasley,PR02,Green,Red,Amber,Red,,,Harry Weasley,Steve Weasley,2021-09-27,Babar Weasley,2021-09-27,Babar Weasley,2021-09-27,Babar Weasley,2021-09-27,Babar Weasley
AP,ANZ,Australia,MART8178,NSX Deploy,Ron Potter,PR01,Red,Amber,Green,Amber,,,Virat Root,Virat Azam,2021-09-27,Ron Potter,2021-09-27,Ron Potter,2021-09-27,Ron Potter,2021-09-27,Ron Potter
AP,ANZ,Australia,PLUT8983,WorkspaceONE Deploy,Steve Azam,PR01,Red,Red,Green,Green,,,Harry Azam,Babar Root,2021-09-27,Steve Azam,2021-09-27,Steve Azam,2021-09-27,Steve Azam,2021-09-27,Steve Azam
AP,ANZ,Australia,URAN9404,vRA Deploy,Virat Azam,PR02,Amber,Amber,Green,Amber,,,Babar Granger,Virat Weasley,2021-09-27,Virat Azam,2021-09-27,Virat Azam,2021-09-27,Virat Azam,2021-09-27,Virat Azam
AP,ANZ,Australia,ALIE8722,VCF Design and Deploy,Babar Weasley,PR02,Green,Amber,Red,Green,,,Harry Kohli,Virat Kohli,2021-09-27,Babar Weasley,2021-09-27,Babar Weasley,2021-09-27,Babar Weasley,2021-09-27,Babar Weasley
AP,ANZ,Australia,URAN5711,SRM Deploy,Virat Weasley,PR02,Red,Green,Green,Red,,,Harry Root,Ron Granger,2021-09-27,Virat Weasley,2021-09-27,Virat Weasley,2021-09-27,Virat Weasley,2021-09-27,Virat Weasley
AP,ANZ,Australia,URAN8045,NSX Deploy,Virat Smith,PR02,Green,Red,Red,Green,,,Joe Azam,Joe Granger,2021-09-27,Virat Smith,2021-09-27,Virat Smith,2021-09-27,Virat Smith,2021-09-27,Virat Smith
AP,ANZ,Australia,MERC6348,vRO/vROPs Residency,Hermione Smith,,Amber,Amber,Red,Green,,,Virat Root,Joe Azam,2021-09-27,Hermione Smith,2021-09-27,Hermione Smith,2021-09-27,Hermione Smith,2021-09-27,Hermione Smith
AP,ANZ,Australia,MART3892,vRO/vROPs Deploy,Steve Weasley,PR01,Amber,Red,Red,Amber,,,Steve Azam,Ron Kohli,2021-09-27,Steve Weasley,2021-09-27,Steve Weasley,2021-09-27,Steve Weasley,2021-09-27,Steve Weasley
AP,ANZ,Australia,PLUT9551,Horizon Design and Deploy,Virat Granger,,Green,Red,Green,Green,,,Ron Smith,Ron Granger,2021-09-27,Virat Granger,2021-09-27,Virat Granger,2021-09-27,Virat Granger,2021-09-27,Virat Granger
AP,ANZ,Australia,ALIE1608,NSX Services,Virat Smith,,Green,Red,Green,Green,,,Harry Azam,Virat Smith,2021-09-27,Virat Smith,2021-09-27,Virat Smith,2021-09-27,Virat Smith,2021-09-27,Virat Smith
AP,ANZ,Australia,PLUT2430,Carbon Black Deploy,Joe Root,,Green,Red,Green,Amber,,,Babar Potter,Joe Smith,2021-09-27,Joe Root,2021-09-27,Joe Root,2021-09-27,Joe Root,2021-09-27,Joe Root
AP,ANZ,Australia,MERC3166,VCF Residency,Hermione Granger,,Red,Amber,Green,Red,,,Hermione Azam,Virat Kohli,2021-09-27,Hermione Granger,2021-09-27,Hermione Granger,2021-09-27,Hermione Granger,2021-09-27,Hermione Granger
AP,ANZ,Australia,SOLA8449,vRO/vROPs Services,Babar Granger,PR01,Green,Red,Red,Amber,,,Hermione Kohli,Steve Potter,2021-09-27,Babar Granger,2021-09-27,Babar Granger,2021-09-27,Babar Granger,2021-09-27,Babar Granger
AP,ANZ,Australia,URAN5062,NSX Services,Hermione Root,PR02,Red,Amber,Red,Green,,,Babar Potter,Joe Weasley,2021-09-27,Hermione Root,2021-09-27,Hermione Root,2021-09-27,Hermione Root,2021-09-27,Hermione Root
AP,ANZ,Australia,MART7175,WorkspaceONE Deploy,Ron Smith,,Amber,Red,Green,Amber,,,Joe Root,Steve Potter,2021-09-27,Ron Smith,2021-09-27,Ron Smith,2021-09-27,Ron Smith,2021-09-27,Ron Smith
AP,ANZ,Australia,ALIE3749,vRO/vROPs Residency,Ron Weasley,PR01,Green,Green,Red,Green,,,Ron Granger,Virat Root,2021-09-27,Ron Weasley,2021-09-27,Ron Weasley,2021-09-27,Ron Weasley,2021-09-27,Ron Weasley
AP,ANZ,Australia,ALIE9313,NSX Services,Ron Weasley,PR01,Amber,Amber,Red,Green,,,Babar Granger,Hermione Azam,2021-09-27,Ron Weasley,2021-09-27,Ron Weasley,2021-09-27,Ron Weasley,2021-09-27,Ron Weasley
AP,ANZ,Australia,MART8036,SRM Services,Ron Potter,PR02,Green,Red,Green,Red,,,Virat Smith,Ron Azam,2021-09-27,Ron Potter,2021-09-27,Ron Potter,2021-09-27,Ron Potter,2021-09-27,Ron Potter
AP,ANZ,Australia,ALIE4347,vRO/vROPs Deploy,Steve Weasley,PR01,Red,Amber,Amber,Red,,,Hermione Potter,Virat Smith,2021-09-27,Steve Weasley,2021-09-27,Steve Weasley,2021-09-27,Steve Weasley,2021-09-27,Steve Weasley
AP,ANZ,Australia,SOLA5612,VCF Residency,Harry Kohli,PR02,Amber,Amber,Red,Green,,,Babar Kohli,Hermione Potter,2021-09-27,Harry Kohli,2021-09-27,Harry Kohli,2021-09-27,Harry Kohli,2021-09-27,Harry Kohli
AP,ANZ,Australia,MART1586,WorkspaceONE Design and Deploy,Babar Potter,PR02,Green,Red,Amber,Red,,,Virat Smith,Babar Azam,2021-09-27,Babar Potter,2021-09-27,Babar Potter,2021-09-27,Babar Potter,2021-09-27,Babar Potter
AP,ANZ,Australia,MART2993,Horizon Deploy,Harry Kohli,PR01,Green,Red,Green,Green,,,Ron Granger,Virat Smith,2021-09-27,Harry Kohli,2021-09-27,Harry Kohli,2021-09-27,Harry Kohli,2021-09-27,Harry Kohli
AP,ANZ,Australia,MART2085,SRM Deploy,Virat Granger,PR02,Red,Red,Amber,Green,,,Steve Azam,Virat Granger,2021-09-27,Virat Granger,2021-09-27,Virat Granger,2021-09-27,Virat Granger,2021-09-27,Virat Granger
AP,ANZ,Australia,MERC6842,NSX Residency,Joe Potter,PR01,Green,Red,Green,Green,,,Babar Granger,Harry Potter,2021-09-27,Joe Potter,2021-09-27,Joe Potter,2021-09-27,Joe Potter,2021-09-27,Joe Potter
AP,ANZ,Australia,SOLA5460,vRO/vROPs Design and Deploy,Harry Weasley,PR01,Amber,Amber,Amber,Red,,,Hermione Azam,Babar Smith,2021-09-27,Harry Weasley,2021-09-27,Harry Weasley,2021-09-27,Harry Weasley,2021-09-27,Harry Weasley
AP,ANZ,Australia,URAN7120,Horizon Residency,Virat Smith,PR01,Green,Amber,Green,Green,,,Harry Smith,Babar Weasley,2021-09-27,Virat Smith,2021-09-27,Virat Smith,2021-09-27,Virat Smith,2021-09-27,Virat Smith
AP,ANZ,Australia,URAN4563,WorkspaceONE Design and Deploy,Harry Potter,PR01,Amber,Green,Amber,Amber,,,Babar Potter,Steve Granger,2021-09-27,Harry Potter,2021-09-27,Harry Potter,2021-09-27,Harry Potter,2021-09-27,Harry Potter
AP,ANZ,Australia,ALIE1197,vRA Deploy,Steve Azam,PR01,Amber,Amber,Green,Amber,,,Hermione Root,Hermione Kohli,2021-09-27,Steve Azam,2021-09-27,Steve Azam,2021-09-27,Steve Azam,2021-09-27,Steve Azam
AP,ANZ,Australia,MERC6180,vRA Services,Joe Root,,Red,Red,Red,Amber,,,Harry Azam,Hermione Smith,2021-09-27,Joe Root,2021-09-27,Joe Root,2021-09-27,Joe Root,2021-09-27,Joe Root
AP,ANZ,Australia,ALIE6913,WorkspaceONE Services,Steve Potter,PR02,Green,Green,Amber,Amber,,,Steve Smith,Ron Potter,2021-09-27,Steve Potter,2021-09-27,Steve Potter,2021-09-27,Steve Potter,2021-09-27,Steve Potter
AP,ANZ,Australia,MART8887,NSX Residency,Harry Granger,,Red,Amber,Amber,Red,,,Virat Azam,Joe Smith,2021-09-27,Harry Granger,2021-09-27,Harry Granger,2021-09-27,Harry Granger,2021-09-27,Harry Granger
AP,ANZ,Australia,MART4166,WorkspaceONE Services,Hermione Smith,,Red,Amber,Amber,Green,,,Harry Smith,Babar Azam,2021-09-27,Hermione Smith,2021-09-27,Hermione Smith,2021-09-27,Hermione Smith,2021-09-27,Hermione Smith
AP,ANZ,Australia,ALIE6267,vRA Residency,Harry Granger,,Amber,Red,Red,Amber,,,Virat Weasley,Virat Potter,2021-09-27,Harry Granger,2021-09-27,Harry Granger,2021-09-27,Harry Granger,2021-09-27,Harry Granger
AP,ANZ,Australia,PLUT9018,VCF Residency,Hermione Potter,PR02,Green,Red,Amber,Amber,,,Joe Smith,Ron Potter,2021-09-27,Hermione Potter,2021-09-27,Hermione Potter,2021-09-27,Hermione Potter,2021-09-27,Hermione Potter
AP,ANZ,Australia,PLUT9373,SRM Design and Deploy,Steve Smith,PR02,Amber,Red,Amber,Amber,,,Steve Potter,Babar Root,2021-09-27,Steve Smith,2021-09-27,Steve Smith,2021-09-27,Steve Smith,2021-09-27,Steve Smith
AP,ANZ,Australia,PLUT3701,Carbon Black Deploy,Babar Granger,PR01,Red,Green,Green,Amber,,,Ron Granger,Steve Potter,2021-09-27,Babar Granger,2021-09-27,Babar Granger,2021-09-27,Babar Granger,2021-09-27,Babar Granger
AP,ANZ,Australia,MART8186,NSX Residency,Steve Smith,PR01,Amber,Green,Green,Red,,,Ron Granger,Joe Kohli,2021-09-27,Steve Smith,2021-09-27,Steve Smith,2021-09-27,Steve Smith,2021-09-27,Steve Smith
AP,ANZ,Australia,MERC8543,WorkspaceONE Design and Deploy,Ron Weasley,PR02,Amber,Amber,Green,Red,,,Harry Kohli,Ron Smith,2021-09-27,Ron Weasley,2021-09-27,Ron Weasley,2021-09-27,Ron Weasley,2021-09-27,Ron Weasley
AP,ANZ,Australia,ALIE1414,Carbon Black Deploy,Virat Smith,PR01,Red,Green,Amber,Amber,,,Ron Smith,Hermione Potter,2021-09-27,Virat Smith,2021-09-27,Virat Smith,2021-09-27,Virat Smith,2021-09-27,Virat Smith
AP,ANZ,Australia,MERC8287,WorkspaceONE Design and Deploy,Steve Azam,,Green,Red,Green,Green,,,Ron Smith,Harry Azam,2021-09-27,Steve Azam,2021-09-27,Steve Azam,2021-09-27,Steve Azam,2021-09-27,Steve Azam
AP,ANZ,Australia,MART3327,NSX Deploy,Harry Granger,PR02,Green,Amber,Red,Green,,,Hermione Azam,Virat Granger,2021-09-27,Harry Granger,2021-09-27,Harry Granger,2021-09-27,Harry Granger,2021-09-27,Harry Granger
AP,ANZ,Australia,ALIE8135,Carbon Black Residency,Hermione Azam,PR01,Green,Red,Red,Amber,,,Babar Kohli,Steve Potter,2021-09-27,Hermione Azam,2021-09-27,Hermione Azam,2021-09-27,Hermione Azam,2021-09-27,Hermione Azam
AP,ANZ,Australia,MERC1368,Horizon Deploy,Virat Root,PR02,Amber,Green,Green,Red,,,Virat Smith,Ron Smith,2021-09-27,Virat Root,2021-09-27,Virat Root,2021-09-27,Virat Root,2021-09-27,Virat Root
AP,ANZ,Australia,PLUT9467,WorkspaceONE Deploy,Virat Root,PR02,Green,Green,Amber,Green,,,Babar Smith,Harry Potter,2021-09-27,Virat Root,2021-09-27,Virat Root,2021-09-27,Virat Root,2021-09-27,Virat Root
AP,ANZ,Australia,SOLA3639,vRO/vROPs Deploy,Joe Root,,Red,Amber,Red,Red,,,Virat Potter,Ron Weasley,2021-09-27,Joe Root,2021-09-27,Joe Root,2021-09-27,Joe Root,2021-09-27,Joe Root
AP,ANZ,Australia,URAN1375,Horizon Deploy,Joe Smith,,Red,Green,Red,Green,,,Joe Azam,Joe Weasley,2021-09-27,Joe Smith,2021-09-27,Joe Smith,2021-09-27,Joe Smith,2021-09-27,Joe Smith
AP,ANZ,Australia,ALIE2388,Carbon Black Design and Deploy,Ron Weasley,,Amber,Green,Amber,Red,,,Joe Potter,Steve Azam,2021-09-27,Ron Weasley,2021-09-27,Ron Weasley,2021-09-27,Ron Weasley,2021-09-27,Ron Weasley
AP,ANZ,Australia,MART8017,WorkspaceONE Residency,Steve Weasley,PR02,Amber,Red,Green,Red,,,Steve Azam,Ron Weasley,2021-09-27,Steve Weasley,2021-09-27,Steve Weasley,2021-09-27,Steve Weasley,2021-09-27,Steve Weasley
AP,ANZ,Australia,SOLA9464,NSX Design and Deploy,Virat Root,PR02,Red,Green,Green,Amber,,,Joe Smith,Hermione Kohli,2021-09-27,Virat Root,2021-09-27,Virat Root,2021-09-27,Virat Root,2021-09-27,Virat Root
AP,ANZ,Australia,MART2744,Carbon Black Residency,Hermione Potter,PR01,Green,Green,Red,Green,,,Steve Azam,Joe Kohli,2021-09-27,Hermione Potter,2021-09-27,Hermione Potter,2021-09-27,Hermione Potter,2021-09-27,Hermione Potter
AP,ANZ,Australia,PLUT7083,VCF Design and Deploy,Virat Azam,PR01,Red,Green,Red,Green,,,Joe Root,Steve Root,2021-09-27,Virat Azam,2021-09-27,Virat Azam,2021-09-27,Virat Azam,2021-09-27,Virat Azam
AP,ANZ,Australia,SOLA9832,SRM Design and Deploy,Steve Root,PR01,Amber,Red,Amber,Amber,,,Ron Granger,Steve Weasley,2021-09-27,Steve Root,2021-09-27,Steve Root,2021-09-27,Steve Root,2021-09-27,Steve Root
AP,ANZ,Australia,PLUT4311,Carbon Black Residency,Virat Kohli,,Green,Green,Green,Amber,,,Hermione Root,Harry Granger,2021-09-27,Virat Kohli,2021-09-27,Virat Kohli,2021-09-27,Virat Kohli,2021-09-27,Virat Kohli
AP,ANZ,Australia,MART1715,vRA Design and Deploy,Virat Azam,PR02,Amber,Amber,Green,Green,,,Steve Potter,Babar Smith,2021-09-27,Virat Azam,2021-09-27,Virat Azam,2021-09-27,Virat Azam,2021-09-27,Virat Azam
AP,ANZ,Australia,MERC8708,NSX Deploy,Steve Granger,,Green,Green,Amber,Amber,,,Joe Smith,Babar Granger,2021-09-27,Steve Granger,2021-09-27,Steve Granger,2021-09-27,Steve Granger,2021-09-27,Steve Granger
AP,ANZ,Australia,MART6689,Horizon Residency,Joe Weasley,PR01,Green,Green,Amber,Amber,,,Ron Weasley,Harry Granger,2021-09-27,Joe Weasley,2021-09-27,Joe Weasley,2021-09-27,Joe Weasley,2021-09-27,Joe Weasley
AP,ANZ,Australia,MART5299,vRA Deploy,Hermione Granger,,Green,Red,Red,Amber,,,Steve Potter,Harry Azam,2021-09-27,Hermione Granger,2021-09-27,Hermione Granger,2021-09-27,Hermione Granger,2021-09-27,Hermione Granger
AP,ANZ,Australia,ALIE2450,Carbon Black Residency,Joe Weasley,PR02,Amber,Amber,Red,Amber,,,Steve Smith,Hermione Granger,2021-09-27,Joe Weasley,2021-09-27,Joe Weasley,2021-09-27,Joe Weasley,2021-09-27,Joe Weasley
AP,ANZ,Australia,MART3875,NSX Services,Hermione Azam,,Red,Red,Green,Green,,,Harry Root,Harry Potter,2021-09-27,Hermione Azam,2021-09-27,Hermione Azam,2021-09-27,Hermione Azam,2021-09-27,Hermione Azam
AP,ANZ,Australia,PLUT9475,WorkspaceONE Residency,Ron Root,PR02,Red,Red,Red,Green,,,Harry Kohli,Steve Weasley,2021-09-27,Ron Root,2021-09-27,Ron Root,2021-09-27,Ron Root,2021-09-27,Ron Root
AP,ANZ,Australia,URAN8413,WorkspaceONE Deploy,Joe Kohli,PR02,Amber,Green,Green,Green,,,Ron Granger,Joe Root,2021-09-27,Joe Kohli,2021-09-27,Joe Kohli,2021-09-27,Joe Kohli,2021-09-27,Joe Kohli
AP,ANZ,Australia,ALIE8471,WorkspaceONE Services,Babar Kohli,PR02,Amber,Red,Red,Red,,,Ron Weasley,Ron Kohli,2021-09-27,Babar Kohli,2021-09-27,Babar Kohli,2021-09-27,Babar Kohli,2021-09-27,Babar Kohli
AP,ANZ,Australia,SOLA4395,Horizon Design and Deploy,Joe Weasley,PR02,Amber,Green,Amber,Amber,,,Harry Root,Harry Azam,2021-09-27,Joe Weasley,2021-09-27,Joe Weasley,2021-09-27,Joe Weasley,2021-09-27,Joe Weasley
AP,ANZ,Australia,ALIE9300,VCF Design and Deploy,Harry Kohli,PR01,Green,Red,Green,Amber,,,Steve Root,Harry Root,2021-09-27,Harry Kohli,2021-09-27,Harry Kohli,2021-09-27,Harry Kohli,2021-09-27,Harry Kohli
AP,ANZ,Australia,MART9265,WorkspaceONE Deploy,Harry Root,,Red,Red,Green,Red,,,Babar Potter,Hermione Granger,2021-09-27,Harry Root,2021-09-27,Harry Root,2021-09-27,Harry Root,2021-09-27,Harry Root
AP,ANZ,Australia,PLUT8800,SRM Design and Deploy,Joe Smith,PR01,Green,Green,Red,Amber,,,Joe Root,Ron Granger,2021-09-27,Joe Smith,2021-09-27,Joe Smith,2021-09-27,Joe Smith,2021-09-27,Joe Smith
AP,ANZ,Australia,SOLA4316,Horizon Deploy,Joe Kohli,PR02,Red,Amber,Amber,Amber,,,Ron Potter,Steve Azam,2021-09-27,Joe Kohli,2021-09-27,Joe Kohli,2021-09-27,Joe Kohli,2021-09-27,Joe Kohli
AP,ANZ,Australia,ALIE9346,SRM Services,Babar Azam,PR01,Red,Amber,Red,Green,,,Babar Weasley,Hermione Granger,2021-09-27,Babar Azam,2021-09-27,Babar Azam,2021-09-27,Babar Azam,2021-09-27,Babar Azam
AP,ANZ,Australia,MART1004,vRA Residency,Harry Potter,PR02,Amber,Red,Amber,Green,,,Babar Root,Joe Root,2021-09-27,Harry Potter,2021-09-27,Harry Potter,2021-09-27,Harry Potter,2021-09-27,Harry Potter
AP,ANZ,Australia,URAN3552,vRO/vROPs Residency,Virat Weasley,,Green,Amber,Green,Red,,,Babar Azam,Harry Root,2021-09-27,Virat Weasley,2021-09-27,Virat Weasley,2021-09-27,Virat Weasley,2021-09-27,Virat Weasley
AP,ANZ,Australia,ALIE9533,Horizon Deploy,Ron Potter,PR02,Amber,Amber,Green,Red,,,Babar Azam,Joe Kohli,2021-09-27,Ron Potter,2021-09-27,Ron Potter,2021-09-27,Ron Potter,2021-09-27,Ron Potter
AP,ANZ,Australia,PLUT9412,Carbon Black Deploy,Steve Weasley,PR01,Red,Amber,Red,Red,,,Ron Azam,Ron Weasley,2021-09-27,Steve Weasley,2021-09-27,Steve Weasley,2021-09-27,Steve Weasley,2021-09-27,Steve Weasley
AP,ANZ,Australia,URAN1300,SRM Services,Virat Smith,,Red,Red,Red,Red,,,Ron Potter,Babar Smith,2021-09-27,Virat Smith,2021-09-27,Virat Smith,2021-09-27,Virat Smith,2021-09-27,Virat Smith
AP,ANZ,Australia,URAN1758,WorkspaceONE Residency,Steve Smith,PR02,Amber,Green,Amber,Amber,,,Steve Weasley,Babar Weasley,2021-09-27,Steve Smith,2021-09-27,Steve Smith,2021-09-27,Steve Smith,2021-09-27,Steve Smith
AP,ANZ,Australia,MART4239,vRA Services,Ron Smith,,Red,Green,Red,Amber,,,Ron Weasley,Harry Weasley,2021-09-27,Ron Smith,2021-09-27,Ron Smith,2021-09-27,Ron Smith,2021-09-27,Ron Smith
AP,ANZ,Australia,ALIE8319,Horizon Deploy,Babar Weasley,PR02,Red,Green,Green,Red,,,Harry Weasley,Harry Granger,2021-09-27,Babar Weasley,2021-09-27,Babar Weasley,2021-09-27,Babar Weasley,2021-09-27,Babar Weasley
AP,ANZ,Australia,MART3245,vRO/vROPs Design and Deploy,Harry Root,PR02,Red,Amber,Amber,Amber,,,Harry Kohli,Hermione Weasley,2021-09-27,Harry Root,2021-09-27,Harry Root,2021-09-27,Harry Root,2021-09-27,Harry Root
AP,ANZ,Australia,MERC9728,WorkspaceONE Design and Deploy,Hermione Smith,,Red,Amber,Red,Green,,,Steve Granger,Hermione Smith,2021-09-27,Hermione Smith,2021-09-27,Hermione Smith,2021-09-27,Hermione Smith,2021-09-27,Hermione Smith
AP,ANZ,Australia,MERC4467,Horizon Residency,Babar Potter,PR02,Red,Amber,Red,Amber,,,Hermione Kohli,Steve Kohli,2021-09-27,Babar Potter,2021-09-27,Babar Potter,2021-09-27,Babar Potter,2021-09-27,Babar Potter
AP,ANZ,Australia,MART3256,vRO/vROPs Design and Deploy,Hermione Root,,Green,Green,Green,Red,,,Babar Weasley,Steve Root,2021-09-27,Hermione Root,2021-09-27,Hermione Root,2021-09-27,Hermione Root,2021-09-27,Hermione Root
AP,ANZ,Australia,MART6967,WorkspaceONE Services,Babar Weasley,,Red,Red,Red,Green,,,Virat Weasley,Babar Root,2021-09-27,Babar Weasley,2021-09-27,Babar Weasley,2021-09-27,Babar Weasley,2021-09-27,Babar Weasley
AP,ANZ,Australia,PLUT5608,Horizon Deploy,Hermione Kohli,PR02,Amber,Green,Red,Green,,,Hermione Azam,Steve Potter,2021-09-27,Hermione Kohli,2021-09-27,Hermione Kohli,2021-09-27,Hermione Kohli,2021-09-27,Hermione Kohli
AP,ANZ,Australia,SOLA8892,vRO/vROPs Residency,Babar Weasley,PR02,Amber,Amber,Green,Red,,,Harry Potter,Steve Azam,2021-09-27,Babar Weasley,2021-09-27,Babar Weasley,2021-09-27,Babar Weasley,2021-09-27,Babar Weasley
AP,ANZ,Australia,URAN9905,SRM Services,Harry Kohli,PR01,Green,Green,Green,Amber,,,Ron Root,Harry Root,2021-09-27,Harry Kohli,2021-09-27,Harry Kohli,2021-09-27,Harry Kohli,2021-09-27,Harry Kohli
AP,ANZ,Australia,PLUT7589,vRA Residency,Joe Azam,PR01,Amber,Amber,Red,Amber,,,Babar Kohli,Steve Kohli,2021-09-27,Joe Azam,2021-09-27,Joe Azam,2021-09-27,Joe Azam,2021-09-27,Joe Azam
AP,ANZ,Australia,SOLA8277,Horizon Services,Harry Weasley,PR02,Green,Amber,Amber,Green,,,Harry Root,Hermione Potter,2021-09-27,Harry Weasley,2021-09-27,Harry Weasley,2021-09-27,Harry Weasley,2021-09-27,Harry Weasley
AP,ANZ,Australia,ALIE2906,Carbon Black Design and Deploy,Virat Potter,PR02,Amber,Green,Amber,Green,,,Virat Potter,Harry Granger,2021-09-27,Virat Potter,2021-09-27,Virat Potter,2021-09-27,Virat Potter,2021-09-27,Virat Potter
AP,ANZ,Australia,URAN2964,vRA Services,Babar Smith,,Green,Red,Red,Red,,,Joe Root,Babar Kohli,2021-09-27,Babar Smith,2021-09-27,Babar Smith,2021-09-27,Babar Smith,2021-09-27,Babar Smith
AP,ANZ,Australia,MART7762,vRA Design and Deploy,Hermione Weasley,,Amber,Green,Green,Green,,,Virat Granger,Steve Root,2021-09-27,Hermione Weasley,2021-09-27,Hermione Weasley,2021-09-27,Hermione Weasley,2021-09-27,Hermione Weasley
AP,ANZ,Australia,PLUT4692,Carbon Black Deploy,Ron Smith,PR01,Red,Red,Amber,Amber,,,Virat Azam,Ron Weasley,2021-09-27,Ron Smith,2021-09-27,Ron Smith,2021-09-27,Ron Smith,2021-09-27,Ron Smith
AP,ANZ,Australia,ALIE9006,Carbon Black Design and Deploy,Virat Azam,,Amber,Amber,Green,Amber,,,Virat Azam,Joe Smith,2021-09-27,Virat Azam,2021-09-27,Virat Azam,2021-09-27,Virat Azam,2021-09-27,Virat Azam
AP,ANZ,Australia,MERC2971,SRM Residency,Ron Potter,PR01,Red,Red,Amber,Red,,,Joe Potter,Virat Kohli,2021-09-27,Ron Potter,2021-09-27,Ron Potter,2021-09-27,Ron Potter,2021-09-27,Ron Potter
AP,ANZ,Australia,PLUT5230,Carbon Black Services,Babar Granger,PR02,Green,Amber,Red,Amber,,,Harry Weasley,Joe Smith,2021-09-27,Babar Granger,2021-09-27,Babar Granger,2021-09-27,Babar Granger,2021-09-27,Babar Granger
AP,ANZ,Australia,ALIE4056,Horizon Services,Harry Potter,PR01,Red,Red,Amber,Red,,,Steve Granger,Steve Potter,2021-09-27,Harry Potter,2021-09-27,Harry Potter,2021-09-27,Harry Potter,2021-09-27,Harry Potter
AP,ANZ,Australia,PLUT7433,vRO/vROPs Residency,Virat Potter,PR02,Red,Amber,Amber,Green,,,Babar Root,Ron Azam,2021-09-27,Virat Potter,2021-09-27,Virat Potter,2021-09-27,Virat Potter,2021-09-27,Virat Potter
AP,ANZ,Australia,MART7559,SRM Design and Deploy,Steve Kohli,,Red,Red,Amber,Green,,,Hermione Granger,Hermione Azam,2021-09-27,Steve Kohli,2021-09-27,Steve Kohli,2021-09-27,Steve Kohli,2021-09-27,Steve Kohli
AP,ANZ,Australia,SOLA5018,vRA Services,Harry Weasley,PR02,Amber,Green,Amber,Green,,,Babar Weasley,Steve Kohli,2021-09-27,Harry Weasley,2021-09-27,Harry Weasley,2021-09-27,Harry Weasley,2021-09-27,Harry Weasley
AP,ANZ,Australia,PLUT1203,WorkspaceONE Residency,Joe Smith,PR02,Green,Green,Green,Red,,,Steve Kohli,Ron Potter,2021-09-27,Joe Smith,2021-09-27,Joe Smith,2021-09-27,Joe Smith,2021-09-27,Joe Smith
AP,ANZ,Australia,URAN1927,VCF Design and Deploy,Hermione Weasley,PR01,Red,Green,Amber,Red,,,Steve Root,Joe Root,2021-09-27,Hermione Weasley,2021-09-27,Hermione Weasley,2021-09-27,Hermione Weasley,2021-09-27,Hermione Weasley
AP,ANZ,Australia,PLUT3138,WorkspaceONE Deploy,Virat Granger,PR01,Amber,Amber,Red,Green,,,Virat Smith,Harry Azam,2021-09-27,Virat Granger,2021-09-27,Virat Granger,2021-09-27,Virat Granger,2021-09-27,Virat Granger
AP,ANZ,Australia,MERC9624,SRM Design and Deploy,Ron Granger,,Red,Red,Red,Amber,,,Ron Potter,Harry Root,2021-09-27,Ron Granger,2021-09-27,Ron Granger,2021-09-27,Ron Granger,2021-09-27,Ron Granger
AP,ANZ,Australia,PLUT4600,vRO/vROPs Residency,Hermione Root,,Amber,Green,Red,Amber,,,Joe Weasley,Virat Weasley,2021-09-27,Hermione Root,2021-09-27,Hermione Root,2021-09-27,Hermione Root,2021-09-27,Hermione Root
AP,ANZ,Australia,SOLA2495,VCF Services,Hermione Weasley,PR02,Green,Red,Amber,Green,,,Steve Smith,Hermione Weasley,2021-09-27,Hermione Weasley,2021-09-27,Hermione Weasley,2021-09-27,Hermione Weasley,2021-09-27,Hermione Weasley
AP,ANZ,Australia,ALIE5370,Carbon Black Services,Ron Weasley,,Amber,Green,Green,Red,,,Steve Weasley,Harry Potter,2021-09-27,Ron Weasley,2021-09-27,Ron Weasley,2021-09-27,Ron Weasley,2021-09-27,Ron Weasley
AP,ANZ,Australia,URAN3506,Carbon Black Residency,Babar Granger,,Red,Red,Amber,Amber,,,Joe Potter,Hermione Azam,2021-09-27,Babar Granger,2021-09-27,Babar Granger,2021-09-27,Babar Granger,2021-09-27,Babar Granger
AP,ANZ,Australia,SOLA9752,WorkspaceONE Services,Ron Azam,,Amber,Green,Green,Green,,,Virat Granger,Ron Root,2021-09-27,Ron Azam,2021-09-27,Ron Azam,2021-09-27,Ron Azam,2021-09-27,Ron Azam
AP,ANZ,Australia,URAN2599,WorkspaceONE Deploy,Hermione Root,PR01,Amber,Amber,Red,Red,,,Harry Potter,Virat Potter,2021-09-27,Hermione Root,2021-09-27,Hermione Root,2021-09-27,Hermione Root,2021-09-27,Hermione Root
AP,ANZ,Australia,MART5588,vRO/vROPs Deploy,Harry Potter,PR01,Amber,Amber,Green,Red,,,Babar Smith,Babar Root,2021-09-27,Harry Potter,2021-09-27,Harry Potter,2021-09-27,Harry Potter,2021-09-27,Harry Potter
AP,ANZ,Australia,MERC9424,NSX Services,Joe Root,,Amber,Red,Green,Red,,,Babar Kohli,Steve Kohli,2021-09-27,Joe Root,2021-09-27,Joe Root,2021-09-27,Joe Root,2021-09-27,Joe Root
AP,ANZ,Australia,URAN3546,Horizon Deploy,Ron Potter,PR02,Red,Red,Red,Red,,,Steve Granger,Hermione Kohli,2021-09-27,Ron Potter,2021-09-27,Ron Potter,2021-09-27,Ron Potter,2021-09-27,Ron Potter
AP,ANZ,Australia,URAN4916,VCF Design and Deploy,Babar Root,PR02,Red,Red,Red,Red,,,Joe Azam,Steve Azam,2021-09-27,Babar Root,2021-09-27,Babar Root,2021-09-27,Babar Root,2021-09-27,Babar Root
AP,ANZ,Australia,URAN5253,Carbon Black Design and Deploy,Virat Granger,PR02,Red,Green,Green,Red,,,Joe Azam,Ron Potter,2021-09-27,Virat Granger,2021-09-27,Virat Granger,2021-09-27,Virat Granger,2021-09-27,Virat Granger
AP,ANZ,Australia,URAN8095,vRA Services,Babar Azam,PR01,Red,Green,Red,Red,,,Virat Granger,Ron Azam,2021-09-27,Babar Azam,2021-09-27,Babar Azam,2021-09-27,Babar Azam,2021-09-27,Babar Azam
AP,ANZ,Australia,URAN6055,Carbon Black Design and Deploy,Steve Granger,,Amber,Green,Amber,Amber,,,Babar Smith,Joe Azam,2021-09-27,Steve Granger,2021-09-27,Steve Granger,2021-09-27,Steve Granger,2021-09-27,Steve Granger
AP,ANZ,Australia,PLUT7145,NSX Residency,Harry Potter,PR01,Red,Amber,Amber,Green,,,Babar Azam,Harry Root,2021-09-27,Harry Potter,2021-09-27,Harry Potter,2021-09-27,Harry Potter,2021-09-27,Harry Potter
AP,ANZ,Australia,URAN3963,Horizon Design and Deploy,Joe Kohli,PR01,Amber,Green,Green,Amber,,,Virat Potter,Joe Root,2021-09-27,Joe Kohli,2021-09-27,Joe Kohli,2021-09-27,Joe Kohli,2021-09-27,Joe Kohli
AP,ANZ,Australia,PLUT5471,Horizon Residency,Hermione Weasley,PR02,Green,Red,Amber,Red,,,Babar Azam,Hermione Potter,2021-09-27,Hermione Weasley,2021-09-27,Hermione Weasley,2021-09-27,Hermione Weasley,2021-09-27,Hermione Weasley
AP,ANZ,Australia,URAN1611,Horizon Design and Deploy,Babar Root,PR01,Red,Amber,Amber,Amber,,,Joe Smith,Babar Granger,2021-09-27,Babar Root,2021-09-27,Babar Root,2021-09-27,Babar Root,2021-09-27,Babar Root
AP,ANZ,Australia,MART3072,VCF Services,Joe Potter,PR02,Red,Green,Amber,Green,,,Harry Potter,Harry Smith,2021-09-27,Joe Potter,2021-09-27,Joe Potter,2021-09-27,Joe Potter,2021-09-27,Joe Potter
AP,ANZ,Australia,PLUT9333,vRO/vROPs Design and Deploy,Joe Kohli,PR01,Green,Green,Red,Green,,,Steve Smith,Harry Root,2021-09-27,Joe Kohli,2021-09-27,Joe Kohli,2021-09-27,Joe Kohli,2021-09-27,Joe Kohli
AP,ANZ,Australia,MERC8842,VCF Residency,Harry Smith,PR01,Green,Red,Amber,Red,,,Babar Granger,Steve Weasley,2021-09-27,Harry Smith,2021-09-27,Harry Smith,2021-09-27,Harry Smith,2021-09-27,Harry Smith
AP,ANZ,Australia,MERC3864,VCF Services,Babar Granger,PR01,Red,Green,Amber,Amber,,,Steve Kohli,Steve Weasley,2021-09-27,Babar Granger,2021-09-27,Babar Granger,2021-09-27,Babar Granger,2021-09-27,Babar Granger
AP,ANZ,Australia,SOLA3169,NSX Design and Deploy,Hermione Azam,PR01,Amber,Amber,Green,Red,,,Steve Smith,Ron Weasley,2021-09-27,Hermione Azam,2021-09-27,Hermione Azam,2021-09-27,Hermione Azam,2021-09-27,Hermione Azam
AP,ANZ,Australia,ALIE1422,VCF Deploy,Hermione Potter,PR01,Red,Green,Amber,Red,,,Steve Weasley,Joe Weasley,2021-09-27,Hermione Potter,2021-09-27,Hermione Potter,2021-09-27,Hermione Potter,2021-09-27,Hermione Potter
AP,ANZ,Australia,MART9206,vRO/vROPs Services,Steve Azam,,Green,Amber,Red,Green,,,Harry Potter,Ron Root,2021-09-27,Steve Azam,2021-09-27,Steve Azam,2021-09-27,Steve Azam,2021-09-27,Steve Azam
